droneId,latitude,longitude,pm25,co2,no2,temperature,humidity
0,24.70633,46.50769,19.6,443.7,29.7,35.4,19.5
0,24.70726,46.50846,18.4,440.9,29.8,35.2,20.9
0,24.70819,46.50922,16.7,443.0,29.3,34.6,19.9
0,24.70912,46.50999,17.5,437.0,29.5,35.0,20.7
0,24.71006,46.51076,20.2,444.1,30.2,35.1,19.7
0,24.71099,46.51152,19.4,430.5,30.7,35.1,19.1
0,24.71192,46.51229,15.4,444.0,27.2,34.7,19.6
0,24.71285,46.51305,18.9,443.3,29.5,35.3,20.3
0,24.71378,46.51382,16.8,440.4,29.0,34.5,19.8
0,24.71472,46.51459,16.9,443.0,28.7,35.4,20.2
0,24.71565,46.51535,18.9,429.7,28.7,35.1,19.9
0,24.71658,46.51612,16.8,440.1,28.2,35.2,19.4
0,24.71751,46.51689,17.4,441.7,29.7,34.9,19.3
0,24.71844,46.51765,17.2,440.3,28.3,35.3,19.0
0,24.71938,46.51842,19.0,443.6,29.7,35.5,19.5
0,24.72031,46.51919,17.1,436.2,28.4,34.8,19.9
0,24.72124,46.51995,17.3,435.7,28.8,34.9,20.7
0,24.72217,46.52072,20.0,431.8,30.8,35.3,20.4
0,24.72310,46.52148,19.8,442.5,30.5,34.7,19.5
0,24.72404,46.52225,16.3,437.1,28.4,34.9,20.8
0,24.72497,46.52302,16.7,432.9,28.1,34.8,20.3
0,24.72590,46.52378,57.9,537.8,28.6,35.0,19.1
0,24.72683,46.52455,55.6,539.9,27.1,35.2,19.9
0,24.72776,46.52532,59.9,539.6,30.0,35.3,20.5
0,24.72870,46.52608,59.5,535.8,29.7,34.7,20.2
0,24.72963,46.52685,59.8,538.0,30.0,35.2,19.8
0,24.73056,46.52762,58.7,536.8,29.2,34.8,20.6
0,24.73149,46.52838,55.4,539.9,27.0,35.1,20.1
0,24.73242,46.52915,58.6,532.6,29.7,34.5,20.1
0,24.73336,46.52991,55.8,537.1,27.0,34.6,19.6
0,24.73429,46.53068,19.0,443.2,30.2,34.7,20.0
0,24.73522,46.53145,18.4,436.2,30.2,35.4,19.1
0,24.73615,46.53221,16.8,442.8,28.0,34.8,20.8
0,24.73708,46.53298,19.0,440.9,28.8,35.2,19.5
0,24.73802,46.53375,19.4,433.7,30.0,34.8,20.2
0,24.73895,46.53451,16.6,432.4,27.8,35.0,20.4
0,24.73988,46.53528,16.2,440.0,27.5,35.2,20.5
0,24.74081,46.53605,17.2,436.8,27.8,34.8,20.4
0,24.74174,46.53681,17.2,437.9,28.1,35.5,19.6
0,24.74268,46.53758,19.8,434.1,29.2,34.7,19.2
0,24.74361,46.53834,17.7,439.4,29.4,34.5,19.5
0,24.74454,46.53911,18.2,437.0,30.0,34.7,19.0
0,24.74547,46.53988,19.7,435.8,28.8,34.7,20.2
0,24.74640,46.54064,15.9,439.0,27.1,35.1,20.5
0,24.74734,46.54141,16.5,443.6,28.6,34.9,19.5
0,24.74827,46.54218,19.8,439.0,30.5,35.3,20.8
0,24.74920,46.54294,19.4,431.4,29.1,34.6,20.3
0,24.75013,46.54371,16.0,443.5,28.1,35.4,20.2
0,24.75106,46.54448,15.7,433.9,27.5,34.8,19.6
0,24.75200,46.54524,18.1,433.5,29.1,34.6,19.4
1,24.71496,46.62097,14.6,407.7,26.6,35.3,19.5
1,24.71412,46.62010,14.6,412.6,26.9,35.5,20.5
1,24.71328,46.61924,10.5,406.4,25.9,34.6,20.4
1,24.71243,46.61838,13.3,406.7,26.1,35.0,19.8
1,24.71159,46.61751,11.2,418.7,26.1,34.5,20.2
1,24.71075,46.61665,12.0,406.6,25.4,34.9,19.9
1,24.70991,46.61578,14.5,420.0,26.6,34.8,19.1
1,24.70907,46.61492,12.7,415.3,25.8,35.0,20.6
1,24.70822,46.61406,15.2,408.4,28.5,35.0,19.6
1,24.70738,46.61319,15.0,414.9,27.4,35.3,20.1
1,24.70654,46.61233,14.5,414.0,27.2,35.0,20.5
1,24.70570,46.61147,12.9,418.0,26.0,35.1,19.7
1,24.70485,46.61060,10.3,407.9,26.1,34.7,20.9
1,24.70401,46.60974,13.0,407.1,26.0,34.7,19.4
1,24.70317,46.60887,13.9,409.8,26.3,35.2,19.5
1,24.70233,46.60801,13.6,406.5,27.2,34.6,19.5
1,24.70148,46.60715,10.3,407.4,26.1,34.8,20.5
1,24.70064,46.60628,12.5,410.4,25.3,35.4,20.9
1,24.69980,46.60542,11.3,412.0,26.0,35.1,19.8
1,24.69896,46.60456,11.0,411.6,26.5,34.5,19.1
1,24.69812,46.60369,13.8,412.0,27.5,35.5,19.9
1,24.69727,46.60283,50.6,513.0,25.2,34.8,20.2
1,24.69643,46.60197,53.4,512.3,25.9,35.4,19.8
1,24.69559,46.60110,53.4,519.9,25.9,34.6,20.3
1,24.69475,46.60024,53.3,518.4,26.3,35.3,19.7
1,24.69390,46.59937,54.2,511.6,27.5,34.9,20.5
1,24.69306,46.59851,51.4,511.4,25.2,35.5,19.4
1,24.69222,46.59765,52.4,509.7,25.7,35.1,19.9
1,24.69138,46.59678,54.9,516.2,26.9,34.6,20.4
1,24.69054,46.59592,50.8,513.1,25.6,35.2,19.8
1,24.68969,46.59506,14.4,405.4,28.0,35.0,19.7
1,24.68885,46.59419,12.8,417.6,26.2,35.4,20.2
1,24.68801,46.59333,12.6,417.8,25.4,34.6,19.5
1,24.68717,46.59246,14.3,411.2,27.6,35.3,20.9
1,24.68632,46.59160,14.8,414.5,27.0,34.9,20.5
1,24.68548,46.59074,12.7,411.6,25.9,34.9,20.8
1,24.68464,46.58987,14.7,419.4,26.7,34.9,19.8
1,24.68380,46.58901,10.7,417.6,25.8,34.6,19.9
1,24.68296,46.58815,13.1,412.4,26.6,35.0,19.4
1,24.68211,46.58728,14.2,406.4,26.3,35.2,19.4
1,24.68127,46.58642,13.2,416.2,26.7,35.1,20.2
1,24.68043,46.58555,13.0,416.3,26.0,34.6,19.6
1,24.67959,46.58469,14.0,409.4,27.2,34.7,20.9
1,24.67874,46.58383,10.8,406.4,25.8,35.4,20.3
1,24.67790,46.58296,11.1,417.4,25.6,35.4,19.3
1,24.67706,46.58210,11.2,412.8,26.6,34.6,19.9
1,24.67622,46.58124,11.6,419.0,26.6,34.5,20.2
1,24.67537,46.58037,15.0,413.1,26.7,34.9,20.7
1,24.67453,46.57951,12.0,405.4,26.0,34.7,20.1
1,24.67369,46.57865,13.7,419.4,27.4,34.7,20.2
2,24.76076,46.77184,22.7,449.6,30.7,34.5,19.9
2,24.76115,46.77278,23.1,449.1,31.0,34.8,19.5
2,24.76155,46.77372,22.0,438.6,30.7,35.0,19.1
2,24.76194,46.77466,23.1,439.8,31.2,35.1,19.8
2,24.76234,46.77560,21.1,439.0,30.8,34.7,19.9
2,24.76274,46.77654,21.2,444.1,30.5,35.5,19.2
2,24.76313,46.77748,18.5,441.1,28.6,34.8,19.1
2,24.76353,46.77842,19.6,441.1,30.0,35.0,20.6
2,24.76393,46.77936,21.0,440.0,29.8,34.5,19.2
2,24.76432,46.78030,21.6,443.7,31.6,34.7,20.1
2,24.76472,46.78124,21.1,452.7,30.1,34.8,19.5
2,24.76512,46.78218,21.5,438.7,30.5,35.3,20.4
2,24.76551,46.78312,22.0,449.4,31.8,35.1,20.7
2,24.76591,46.78406,23.0,441.1,30.9,35.2,19.7
2,24.76630,46.78500,21.6,441.7,30.1,35.3,19.2
2,24.76670,46.78594,23.2,444.6,31.1,35.3,19.7
2,24.76710,46.78689,22.5,446.4,31.6,35.4,19.6
2,24.76749,46.78783,22.2,441.1,31.4,34.6,20.6
2,24.76789,46.78877,19.3,445.0,29.5,34.6,20.0
2,24.76829,46.78971,19.4,451.1,30.2,35.4,20.5
2,24.76868,46.79065,20.9,441.1,30.9,35.0,20.4
2,24.76908,46.79159,62.2,548.6,32.1,35.2,19.3
2,24.76948,46.79253,61.1,551.8,30.7,34.7,20.4
2,24.76987,46.79347,61.4,549.2,30.1,34.7,19.5
2,24.77027,46.79441,62.0,549.1,30.6,34.6,20.2
2,24.77066,46.79535,58.9,552.9,29.0,34.8,20.1
2,24.77106,46.79629,62.5,546.4,32.0,34.6,20.6
2,24.77146,46.79723,62.3,549.7,30.3,35.0,20.1
2,24.77185,46.79817,60.7,540.2,30.8,35.5,20.9
2,24.77225,46.79911,60.2,547.7,30.6,34.8,20.1
2,24.77265,46.80005,23.0,438.2,30.8,35.5,20.8
2,24.77304,46.80099,19.9,448.5,30.4,34.8,19.7
2,24.77344,46.80193,18.3,441.3,29.0,34.9,19.7
2,24.77383,46.80287,22.0,439.3,31.0,35.3,19.4
2,24.77423,46.80381,21.7,442.6,30.6,34.9,20.1
2,24.77463,46.80475,18.6,441.9,28.3,34.9,20.9
2,24.77502,46.80569,18.8,448.9,28.9,34.9,19.7
2,24.77542,46.80663,19.9,438.7,30.5,34.8,20.1
2,24.77582,46.80757,20.5,449.4,31.0,35.0,20.0
2,24.77621,46.80851,18.9,448.9,29.0,34.7,19.9
2,24.77661,46.80945,19.7,438.2,29.3,35.2,20.6
2,24.77701,46.81039,19.9,452.9,30.8,34.6,21.0
2,24.77740,46.81133,22.7,450.0,32.2,34.8,19.1
2,24.77780,46.81227,20.4,447.2,30.1,35.4,20.0
2,24.77819,46.81321,21.8,445.0,31.6,34.9,19.9
2,24.77859,46.81415,21.5,447.7,30.6,35.5,19.0
2,24.77899,46.81509,21.4,445.0,30.0,34.5,20.1
2,24.77938,46.81603,18.3,442.6,29.8,34.8,20.3
2,24.77978,46.81698,19.7,448.2,30.0,35.2,19.4
2,24.78018,46.81792,20.2,441.6,30.5,35.0,19.1
3,24.78957,46.67263,28.5,443.4,34.4,34.7,20.6
3,24.79055,46.67288,29.7,431.3,34.0,34.9,20.9
3,24.79153,46.67314,31.1,430.5,35.2,35.5,20.6
3,24.79250,46.67340,26.6,434.9,32.6,35.5,19.3
3,24.79348,46.67365,26.7,429.9,32.6,35.0,20.4
3,24.79446,46.67391,31.2,441.0,35.6,35.2,20.5
3,24.79543,46.67416,28.9,436.8,34.3,34.7,19.9
3,24.79641,46.67442,31.6,435.7,36.5,34.7,20.5
3,24.79739,46.67467,27.1,436.8,33.1,35.0,20.2
3,24.79836,46.67493,30.3,434.9,35.9,35.1,19.0
3,24.79934,46.67518,27.8,437.5,34.8,34.9,20.7
3,24.80032,46.67544,30.7,442.2,34.8,35.2,20.9
3,24.80129,46.67569,29.9,431.6,35.3,35.4,20.6
3,24.80227,46.67595,27.1,430.2,33.8,34.6,20.9
3,24.80325,46.67620,27.1,444.2,34.2,34.7,19.8
3,24.80422,46.67646,27.4,433.9,32.8,35.2,20.0
3,24.80520,46.67671,26.9,430.9,33.2,35.5,19.0
3,24.80617,46.67697,28.4,438.4,33.5,34.9,19.9
3,24.80715,46.67722,29.1,432.5,34.5,35.2,20.3
3,24.80813,46.67748,30.6,439.3,35.8,35.5,20.6
3,24.80910,46.67773,27.3,438.2,33.4,34.5,20.1
3,24.81008,46.67799,69.9,540.7,34.8,34.7,19.5
3,24.81106,46.67825,68.1,535.4,33.2,35.3,20.0
3,24.81203,46.67850,68.4,534.7,35.2,34.8,19.6
3,24.81301,46.67876,69.2,538.1,34.2,34.8,20.5
3,24.81399,46.67901,69.7,530.4,35.4,35.3,20.7
3,24.81496,46.67927,68.2,536.8,34.6,35.3,19.3
3,24.81594,46.67952,70.6,540.0,35.8,35.3,19.3
3,24.81692,46.67978,66.6,538.8,32.6,35.3,20.9
3,24.81789,46.68003,71.1,540.6,36.2,34.6,20.3
3,24.81887,46.68029,31.5,441.0,35.9,34.7,20.4
3,24.81985,46.68054,29.6,430.2,34.3,34.5,20.8
3,24.82082,46.68080,30.3,441.4,34.7,35.3,19.2
3,24.82180,46.68105,27.3,435.2,33.7,35.2,20.6
3,24.82278,46.68131,28.5,439.4,34.0,34.6,20.7
3,24.82375,46.68156,27.0,433.9,33.7,35.2,19.6
3,24.82473,46.68182,29.0,436.1,33.8,34.6,20.5
3,24.82571,46.68207,30.5,429.9,36.1,34.6,19.3
3,24.82668,46.68233,31.5,437.0,36.2,35.1,20.6
3,24.82766,46.68259,29.4,433.4,34.6,34.8,19.3
3,24.82864,46.68284,31.0,432.0,35.8,35.5,21.0
3,24.82961,46.68310,30.8,440.5,35.7,35.0,19.6
3,24.83059,46.68335,31.0,437.8,35.8,35.1,19.8
3,24.83157,46.68361,31.1,435.4,34.8,34.7,21.0
3,24.83254,46.68386,28.3,440.5,34.6,35.1,19.8
3,24.83352,46.68412,28.7,441.1,34.7,35.0,19.1
3,24.83450,46.68437,29.8,432.5,34.8,35.2,20.8
3,24.83547,46.68463,27.4,442.5,34.2,34.9,19.5
3,24.83645,46.68488,30.6,430.4,35.8,35.2,20.8
3,24.83743,46.68514,28.1,437.8,34.4,35.3,20.1
4,24.60100,46.56040,27.1,408.2,32.6,34.7,19.5
4,24.60034,46.56023,25.8,403.2,33.2,35.0,19.4
4,24.59967,46.56005,29.6,405.4,35.4,35.3,20.8
4,24.59900,46.55988,24.9,400.1,32.2,35.1,19.9
4,24.59833,46.55970,26.2,399.8,33.0,35.4,20.3
4,24.59767,46.55953,27.6,405.1,33.4,34.8,20.1
4,24.59700,46.55936,29.4,405.7,35.0,34.5,20.7
4,24.59633,46.55918,28.7,407.0,35.2,34.8,19.4
4,24.59567,46.55901,29.3,400.8,34.7,34.9,19.6
4,24.59500,46.55883,27.5,405.9,32.8,35.3,19.6
4,24.59433,46.55866,27.1,400.7,34.4,35.5,20.6
4,24.59367,46.55849,28.4,408.7,33.3,35.5,19.2
4,24.59300,46.55831,28.8,408.8,33.4,34.8,19.3
4,24.59233,46.55814,29.3,396.4,34.5,35.1,19.4
4,24.59167,46.55797,25.2,403.8,32.9,35.0,20.8
4,24.59100,46.55779,28.2,403.4,33.9,34.8,19.9
4,24.59033,46.55762,27.5,407.2,34.5,34.8,19.1
4,24.58967,46.55744,27.0,394.9,32.9,35.1,20.9
4,24.58900,46.55727,27.9,395.3,34.5,34.8,19.2
4,24.58833,46.55710,27.2,395.3,32.8,35.2,20.9
4,24.58767,46.55692,26.6,401.7,33.7,34.5,20.0
4,24.58700,46.55675,67.5,507.0,33.6,35.2,20.7
4,24.58633,46.55658,69.5,499.4,34.8,35.3,20.5
4,24.58567,46.55640,65.0,502.9,32.6,35.0,19.1
4,24.58500,46.55623,67.7,501.3,33.0,34.8,19.7
4,24.58433,46.55605,68.1,498.1,34.0,35.3,19.0
4,24.58367,46.55588,64.9,509.1,32.4,35.0,20.9
4,24.58300,46.55571,69.0,496.2,35.0,34.7,21.0
4,24.58233,46.55553,65.2,498.2,33.3,34.9,20.9
4,24.58167,46.55536,67.3,498.4,33.2,34.6,19.2
4,24.58100,46.55519,29.4,401.4,34.8,35.4,20.4
4,24.58033,46.55501,27.8,400.1,33.2,35.0,20.3
4,24.57967,46.55484,27.8,401.1,34.6,34.9,19.7
4,24.57900,46.55466,26.2,402.9,32.7,35.2,19.5
4,24.57833,46.55449,27.1,399.6,34.2,34.6,20.2
4,24.57767,46.55432,27.6,397.1,33.7,34.5,20.1
4,24.57700,46.55414,28.7,402.0,34.0,35.0,20.6
4,24.57633,46.55397,28.4,407.2,34.5,34.9,20.5
4,24.57567,46.55380,27.0,403.5,34.5,34.8,20.4
4,24.57500,46.55362,28.3,397.0,34.6,35.2,20.4
4,24.57433,46.55345,25.3,394.5,32.1,35.4,20.0
4,24.57366,46.55327,28.6,404.1,34.4,34.6,19.6
4,24.57300,46.55310,27.8,401.9,33.2,34.6,19.9
4,24.57233,46.55293,28.0,397.9,34.4,35.3,21.0
4,24.57166,46.55275,28.1,402.5,34.6,35.1,19.4
4,24.57100,46.55258,29.0,396.7,34.7,35.2,19.1
4,24.57033,46.55240,28.6,406.7,33.7,34.7,20.7
4,24.56966,46.55223,25.3,400.6,33.1,35.4,20.9
4,24.56900,46.55206,29.2,399.8,34.7,35.5,20.5
4,24.56833,46.55188,29.7,397.0,34.0,35.4,19.8
5,24.69077,46.56438,17.9,427.8,28.9,34.7,19.8
5,24.69100,46.56397,18.8,441.5,29.3,35.0,20.3
5,24.69124,46.56357,21.4,432.8,31.7,34.7,19.8
5,24.69147,46.56316,18.5,437.7,30.2,35.3,20.5
5,24.69170,46.56275,21.2,432.2,30.6,34.7,19.5
5,24.69194,46.56235,21.2,435.9,30.7,35.2,20.2
5,24.69217,46.56194,18.7,436.9,29.6,35.1,20.4
5,24.69240,46.56153,18.4,429.3,28.3,35.3,20.8
5,24.69264,46.56112,22.1,430.5,31.3,35.4,19.1
5,24.69287,46.56072,19.1,442.0,29.4,34.8,19.5
5,24.69311,46.56031,18.1,441.0,28.1,35.4,19.0
5,24.69334,46.55990,18.9,441.4,28.8,35.2,20.5
5,24.69357,46.55950,22.7,433.8,30.6,34.9,19.5
5,24.69381,46.55909,19.5,432.6,29.2,35.0,20.3
5,24.69404,46.55868,20.0,431.6,29.3,34.6,20.5
5,24.69427,46.55828,19.3,428.6,30.5,35.4,19.7
5,24.69451,46.55787,21.9,427.7,31.1,35.0,21.0
5,24.69474,46.55746,22.6,435.9,31.5,35.1,19.3
5,24.69497,46.55706,19.5,440.3,30.3,34.9,19.7
5,24.69521,46.55665,18.3,430.4,30.0,35.4,20.6
5,24.69544,46.55624,19.8,438.7,29.8,34.8,20.7
5,24.69567,46.55583,61.5,529.1,30.5,34.9,20.1
5,24.69591,46.55543,58.4,537.0,29.4,35.5,20.9
5,24.69614,46.55502,60.5,535.6,30.0,35.3,19.7
5,24.69637,46.55461,57.9,529.5,29.6,34.9,20.3
5,24.69661,46.55421,59.2,534.9,30.5,34.9,19.2
5,24.69684,46.55380,58.2,533.4,29.0,34.8,20.7
5,24.69708,46.55339,62.0,539.6,30.6,35.1,19.4
5,24.69731,46.55299,60.5,531.7,30.2,34.7,20.9
5,24.69754,46.55258,57.8,542.2,28.1,34.8,19.1
5,24.69778,46.55217,19.6,439.1,30.5,34.7,19.7
5,24.69801,46.55177,22.6,438.2,30.6,35.3,19.3
5,24.69824,46.55136,21.0,436.6,30.3,35.2,20.9
5,24.69848,46.55095,19.5,436.7,30.3,35.1,19.1
5,24.69871,46.55055,21.8,431.6,30.1,35.4,20.0
5,24.69894,46.55014,18.5,434.3,28.9,35.5,19.9
5,24.69918,46.54973,20.6,429.1,31.3,35.5,19.1
5,24.69941,46.54932,21.1,441.3,30.2,34.9,19.9
5,24.69964,46.54892,19.0,432.1,30.2,34.8,20.1
5,24.69988,46.54851,20.7,441.9,30.8,34.8,20.4
5,24.70011,46.54810,21.0,432.1,29.7,35.3,20.2
5,24.70034,46.54770,19.0,437.3,28.9,35.2,20.9
5,24.70058,46.54729,17.8,429.7,28.8,35.0,20.4
5,24.70081,46.54688,19.5,432.7,30.6,35.0,20.7
5,24.70105,46.54648,20.8,438.2,30.0,34.8,20.0
5,24.70128,46.54607,20.7,428.6,30.3,35.2,20.5
5,24.70151,46.54566,18.3,435.1,29.4,34.8,20.5
5,24.70175,46.54526,19.5,441.3,29.9,35.3,20.1
5,24.70198,46.54485,19.4,427.5,28.8,35.4,19.7
5,24.70221,46.54444,18.8,436.2,28.7,35.0,19.4
6,24.62847,46.51883,28.2,449.2,34.6,35.2,19.8
6,24.62853,46.51834,29.9,444.2,35.4,34.9,19.9
6,24.62858,46.51785,28.2,453.7,34.5,35.3,19.1
6,24.62863,46.51737,28.9,456.4,35.2,34.8,20.7
6,24.62868,46.51688,30.5,449.8,35.2,35.1,20.1
6,24.62873,46.51639,28.2,444.5,34.3,34.6,19.7
6,24.62878,46.51590,28.4,447.2,34.9,35.2,19.2
6,24.62883,46.51542,29.3,453.0,34.7,35.1,20.5
6,24.62889,46.51493,27.2,444.8,34.0,35.0,19.7
6,24.62894,46.51444,29.3,454.0,34.1,35.4,20.5
6,24.62899,46.51395,29.3,444.7,35.1,34.5,20.1
6,24.62904,46.51347,28.9,444.4,33.9,35.1,19.4
6,24.62909,46.51298,28.3,447.1,35.1,35.4,20.8
6,24.62914,46.51249,26.4,448.5,33.8,34.6,20.3
6,24.62919,46.51200,26.8,455.7,34.3,35.0,20.8
6,24.62925,46.51151,26.0,455.3,33.3,34.7,20.3
6,24.62930,46.51103,28.4,450.1,33.7,34.6,19.5
6,24.62935,46.51054,28.7,445.4,34.6,35.2,20.8
6,24.62940,46.51005,27.8,449.4,33.1,34.6,20.0
6,24.62945,46.50956,30.7,448.6,35.4,34.7,19.7
6,24.62950,46.50908,26.0,454.4,32.1,35.0,19.9
6,24.62955,46.50859,68.0,547.2,33.7,35.1,19.3
6,24.62961,46.50810,69.7,555.6,34.8,34.7,20.0
6,24.62966,46.50761,69.8,542.7,35.6,34.9,19.3
6,24.62971,46.50713,66.3,547.0,33.6,34.8,20.8
6,24.62976,46.50664,69.8,549.4,34.2,34.9,20.6
6,24.62981,46.50615,68.1,553.3,34.4,35.4,20.5
6,24.62986,46.50566,68.5,553.2,33.9,34.8,20.4
6,24.62991,46.50518,67.8,550.1,32.9,34.6,19.3
6,24.62997,46.50469,68.4,545.7,34.5,34.8,19.4
6,24.63002,46.50420,26.1,445.3,33.7,35.3,20.5
6,24.63007,46.50371,28.9,456.0,33.5,35.1,19.7
6,24.63012,46.50323,26.4,455.2,33.8,34.7,19.4
6,24.63017,46.50274,26.9,443.4,32.7,34.9,20.4
6,24.63022,46.50225,29.7,451.3,34.3,35.1,20.1
6,24.63027,46.50176,30.2,448.6,35.0,34.8,20.1
6,24.63033,46.50128,28.1,448.2,34.7,35.0,21.0
6,24.63038,46.50079,29.4,448.0,34.5,35.0,20.8
6,24.63043,46.50030,27.2,446.1,34.2,35.4,20.1
6,24.63048,46.49981,29.8,443.2,35.4,35.0,19.2
6,24.63053,46.49933,28.4,456.6,33.3,35.0,20.4
6,24.63058,46.49884,29.7,447.1,34.3,35.3,20.3
6,24.63063,46.49835,30.4,455.8,35.1,35.0,19.8
6,24.63069,46.49786,28.9,449.5,34.5,34.9,19.1
6,24.63074,46.49738,29.9,451.1,35.7,34.7,19.2
6,24.63079,46.49689,28.4,445.9,35.0,34.8,19.8
6,24.63084,46.49640,26.1,449.9,33.9,34.8,20.3
6,24.63089,46.49591,27.8,453.8,34.7,34.8,20.0
6,24.63094,46.49543,26.8,452.0,32.7,34.9,20.7
6,24.63099,46.49494,25.7,452.4,32.9,34.7,20.5
7,24.65378,46.62182,14.0,445.5,27.4,34.9,19.3
7,24.65296,46.62137,12.3,449.0,27.0,35.0,19.1
7,24.65214,46.62092,16.6,441.7,29.0,35.2,20.3
7,24.65132,46.62048,12.9,447.0,25.5,35.3,20.3
7,24.65050,46.62003,16.6,444.4,27.4,35.3,20.3
7,24.64969,46.61958,14.1,449.7,27.1,34.7,19.5
7,24.64887,46.61914,16.4,437.4,28.8,35.5,19.6
7,24.64805,46.61869,12.1,448.9,26.5,35.2,20.4
7,24.64723,46.61825,15.3,448.8,28.5,34.8,19.5
7,24.64641,46.61780,12.5,446.8,25.8,35.0,20.1
7,24.64559,46.61735,15.7,444.4,28.3,35.1,19.4
7,24.64478,46.61691,15.0,438.9,27.2,35.3,19.8
7,24.64396,46.61646,13.4,437.7,27.2,35.0,19.0
7,24.64314,46.61601,16.5,445.6,27.8,35.3,19.8
7,24.64232,46.61557,15.7,446.7,28.6,35.4,20.1
7,24.64150,46.61512,14.8,447.7,27.4,34.9,19.1
7,24.64068,46.61467,14.0,439.3,27.9,35.4,19.8
7,24.63987,46.61423,13.7,438.3,27.3,35.2,19.0
7,24.63905,46.61378,13.8,439.0,27.8,35.4,20.1
7,24.63823,46.61333,13.1,450.2,26.3,34.8,19.4
7,24.63741,46.61289,16.7,446.4,27.5,35.3,19.6
7,24.63659,46.61244,52.1,543.5,26.0,34.6,20.3
7,24.63577,46.61200,56.8,539.0,29.2,35.0,19.7
7,24.63495,46.61155,54.7,541.1,27.4,34.5,19.1
7,24.63414,46.61110,54.1,540.1,26.7,34.8,20.7
7,24.63332,46.61066,56.5,551.3,29.0,34.7,20.0
7,24.63250,46.61021,55.3,545.3,28.4,34.7,19.6
7,24.63168,46.60976,52.9,548.4,26.9,34.5,20.5
7,24.63086,46.60932,55.1,544.1,26.9,35.2,19.1
7,24.63004,46.60887,53.8,542.3,26.2,35.2,19.2
7,24.62923,46.60842,16.1,443.6,27.5,35.1,20.7
7,24.62841,46.60798,16.0,445.5,27.0,34.5,20.9
7,24.62759,46.60753,16.8,439.0,27.9,35.5,19.6
7,24.62677,46.60709,13.9,444.0,27.7,35.0,20.9
7,24.62595,46.60664,12.1,437.8,25.2,35.5,20.3
7,24.62513,46.60619,12.3,444.1,25.4,34.6,20.4
7,24.62432,46.60575,14.6,443.5,26.5,34.6,20.2
7,24.62350,46.60530,17.0,447.8,29.3,35.4,20.1
7,24.62268,46.60485,15.7,440.6,28.4,35.1,20.6
7,24.62186,46.60441,16.0,443.7,28.3,34.6,20.9
7,24.62104,46.60396,14.9,447.9,27.6,35.0,19.6
7,24.62022,46.60351,16.2,446.1,27.7,35.0,19.3
7,24.61941,46.60307,15.3,439.0,27.0,34.8,19.3
7,24.61859,46.60262,16.9,440.0,28.6,35.2,19.6
7,24.61777,46.60217,14.1,446.1,27.5,35.4,20.1
7,24.61695,46.60173,12.4,440.0,26.5,35.3,19.8
7,24.61613,46.60128,13.8,438.7,26.9,34.9,19.2
7,24.61531,46.60084,15.0,438.6,27.4,35.0,20.1
7,24.61449,46.60039,16.2,439.2,28.7,35.4,19.4
7,24.61368,46.59994,15.2,441.7,27.4,34.6,19.9
8,24.71433,46.77809,24.5,420.9,32.8,34.6,20.8
8,24.71451,46.77735,28.2,431.3,34.8,35.2,19.6
8,24.71469,46.77662,26.5,432.4,32.7,34.6,19.5
8,24.71487,46.77589,24.4,428.7,33.2,35.4,19.0
8,24.71506,46.77516,28.0,418.5,33.4,35.1,19.8
8,24.71524,46.77443,25.9,427.0,33.4,34.6,20.1
8,24.71542,46.77369,25.9,421.3,32.8,34.8,19.7
8,24.71560,46.77296,24.1,417.9,31.8,35.2,19.3
8,24.71578,46.77223,26.5,430.7,33.8,35.0,20.2
8,24.71597,46.77150,27.7,426.8,34.3,35.1,19.7
8,24.71615,46.77076,24.0,431.1,32.7,34.8,20.7
8,24.71633,46.77003,27.3,426.7,34.6,35.0,19.3
8,24.71651,46.76930,27.0,420.5,33.7,35.1,20.5
8,24.71669,46.76857,24.2,418.1,31.7,35.2,19.7
8,24.71688,46.76784,25.2,429.7,32.1,34.5,19.0
8,24.71706,46.76710,26.4,429.9,34.0,35.3,19.9
8,24.71724,46.76637,27.2,419.2,32.9,35.1,19.4
8,24.71742,46.76564,24.6,420.7,33.1,35.5,19.6
8,24.71760,46.76491,24.4,430.7,31.5,35.5,19.3
8,24.71779,46.76418,26.1,418.3,33.7,35.2,19.6
8,24.71797,46.76344,26.7,424.8,33.3,35.1,19.4
8,24.71815,46.76271,65.6,525.4,32.7,34.7,20.0
8,24.71833,46.76198,66.7,531.8,33.7,34.6,20.5
8,24.71851,46.76125,68.4,519.8,34.5,34.8,20.9
8,24.71870,46.76051,67.6,531.9,34.7,35.3,20.3
8,24.71888,46.75978,66.4,528.2,33.1,35.3,20.6
8,24.71906,46.75905,64.0,527.4,32.1,35.4,20.3
8,24.71924,46.75832,65.8,518.7,33.3,34.5,19.3
8,24.71942,46.75759,65.3,522.5,33.1,35.2,20.7
8,24.71961,46.75685,66.0,527.0,32.9,34.8,20.5
8,24.71979,46.75612,26.9,423.0,33.0,35.5,20.7
8,24.71997,46.75539,24.7,419.0,32.1,34.7,20.1
8,24.72015,46.75466,25.1,432.8,32.2,35.2,19.7
8,24.72033,46.75392,28.8,427.6,34.9,35.2,20.1
8,24.72051,46.75319,27.7,419.0,33.4,34.7,19.6
8,24.72070,46.75246,24.9,420.2,31.8,34.6,19.8
8,24.72088,46.75173,26.3,428.6,33.7,34.7,19.8
8,24.72106,46.75100,26.1,419.9,32.7,34.7,19.2
8,24.72124,46.75026,25.8,428.7,32.8,35.2,20.4
8,24.72142,46.74953,27.4,419.4,34.2,35.4,20.2
8,24.72161,46.74880,25.1,423.4,32.1,34.6,20.9
8,24.72179,46.74807,24.6,429.7,31.4,34.8,19.1
8,24.72197,46.74733,25.5,425.5,32.4,35.0,20.9
8,24.72215,46.74660,28.0,429.3,34.8,34.9,20.3
8,24.72233,46.74587,25.8,429.1,32.9,35.1,20.9
8,24.72252,46.74514,24.4,419.0,32.4,34.8,19.4
8,24.72270,46.74441,25.5,427.4,32.5,35.0,19.2
8,24.72288,46.74367,26.1,429.6,32.2,35.1,20.8
8,24.72306,46.74294,25.9,424.5,33.3,34.8,19.5
8,24.72324,46.74221,26.5,427.7,33.9,35.0,20.8
9,24.67315,46.61259,26.4,440.6,33.2,35.2,20.6
9,24.67377,46.61318,28.0,433.3,34.5,34.9,19.1
9,24.67438,46.61377,29.5,434.5,35.0,34.5,20.0
9,24.67499,46.61436,29.2,431.9,34.3,34.9,19.4
9,24.67560,46.61495,30.7,437.6,35.2,34.8,20.0
9,24.67622,46.61554,29.7,435.4,34.9,34.9,19.9
9,24.67683,46.61613,26.1,435.9,32.4,35.3,19.3
9,24.67744,46.61672,29.9,435.4,34.5,34.9,19.2
9,24.67805,46.61731,28.3,443.2,34.0,35.2,19.0
9,24.67867,46.61790,26.6,441.2,32.9,35.0,19.0
9,24.67928,46.61849,26.3,439.3,33.7,34.9,19.6
9,24.67989,46.61908,28.8,436.9,35.1,34.7,19.8
9,24.68050,46.61967,30.4,431.6,35.7,34.5,19.2
9,24.68112,46.62026,25.9,442.4,32.3,35.5,20.5
9,24.68173,46.62085,29.2,440.4,35.5,35.5,20.3
9,24.68234,46.62143,29.3,435.2,34.0,35.4,20.0
9,24.68295,46.62202,26.5,439.1,33.3,34.6,20.8
9,24.68357,46.62261,28.0,432.6,33.5,34.6,19.9
9,24.68418,46.62320,28.7,440.6,33.7,35.0,20.5
9,24.68479,46.62379,28.4,432.5,33.7,35.3,19.4
9,24.68540,46.62438,27.3,445.6,33.3,34.6,20.9
9,24.68602,46.62497,68.3,532.3,34.3,35.5,19.6
9,24.68663,46.62556,69.9,531.3,35.1,34.5,19.3
9,24.68724,46.62615,67.1,533.8,34.2,35.0,19.1
9,24.68785,46.62674,67.2,531.4,33.1,34.9,19.5
9,24.68847,46.62733,69.8,533.5,34.1,35.3,20.3
9,24.68908,46.62792,66.8,540.9,32.6,34.7,20.1
9,24.68969,46.62851,67.4,540.7,33.0,35.3,21.0
9,24.69031,46.62910,70.4,546.1,35.5,34.8,20.4
9,24.69092,46.62969,67.2,531.6,34.5,34.7,19.7
9,24.69153,46.63028,29.3,438.6,34.7,34.9,19.7
9,24.69214,46.63087,26.2,432.0,33.2,34.6,19.6
9,24.69276,46.63146,25.9,444.9,32.8,34.9,19.4
9,24.69337,46.63205,27.0,440.1,34.0,35.0,19.5
9,24.69398,46.63264,27.9,431.7,34.2,34.6,19.0
9,24.69459,46.63323,29.4,437.7,34.6,34.6,20.6
9,24.69521,46.63382,29.6,440.4,35.3,35.1,20.1
9,24.69582,46.63441,26.2,439.6,33.9,34.9,19.7
9,24.69643,46.63500,29.6,434.0,34.8,35.1,20.5
9,24.69704,46.63559,29.1,446.0,34.6,35.4,20.2
9,24.69766,46.63618,27.0,441.6,34.0,35.1,19.1
9,24.69827,46.63677,27.6,437.3,33.2,35.3,19.6
9,24.69888,46.63736,30.1,445.3,35.5,34.8,20.7
9,24.69949,46.63795,30.5,435.4,34.3,35.0,20.7
9,24.70011,46.63854,28.6,439.8,34.3,35.3,21.0
9,24.70072,46.63913,29.0,446.2,33.6,35.3,19.7
9,24.70133,46.63972,29.8,440.2,34.7,34.6,19.6
9,24.70194,46.64031,29.7,434.2,34.3,34.9,19.1
9,24.70256,46.64090,30.3,431.5,34.2,34.8,19.8
9,24.70317,46.64149,28.8,435.7,35.2,35.1,19.6
10,24.62256,46.64671,22.8,404.6,31.6,35.5,20.4
10,24.62217,46.64581,21.2,405.9,31.1,34.7,20.3
10,24.62178,46.64490,25.3,409.5,33.4,35.4,19.3
10,24.62139,46.64399,22.9,405.6,32.4,35.0,20.5
10,24.62100,46.64309,25.7,398.9,33.1,35.1,19.7
10,24.62061,46.64218,24.7,406.3,31.5,35.2,20.2
10,24.62022,46.64128,22.6,408.5,30.4,34.7,20.2
10,24.61983,46.64037,23.6,402.0,32.4,34.9,20.3
10,24.61944,46.63946,20.9,404.2,29.9,34.7,20.6
10,24.61905,46.63856,21.7,403.9,31.8,35.4,19.1
10,24.61866,46.63765,23.5,404.9,31.5,34.6,19.3
10,24.61827,46.63674,25.7,402.5,33.5,35.0,20.9
10,24.61788,46.63584,24.0,408.4,31.1,35.3,20.4
10,24.61749,46.63493,22.3,407.9,31.2,35.5,20.7
10,24.61710,46.63402,21.9,401.2,31.3,34.8,20.2
10,24.61671,46.63312,22.6,401.3,31.0,35.1,19.1
10,24.61632,46.63221,24.3,402.9,32.4,34.6,20.0
10,24.61593,46.63131,21.4,409.8,31.5,35.0,19.9
10,24.61554,46.63040,23.2,405.7,31.2,35.0,20.1
10,24.61515,46.62949,25.1,409.3,32.9,35.2,20.3
10,24.61476,46.62859,22.2,408.7,30.9,34.9,19.9
10,24.61437,46.62768,61.6,502.0,30.3,35.1,20.2
10,24.61398,46.62677,65.1,501.4,32.0,34.9,19.7
10,24.61359,46.62587,64.9,505.9,32.8,35.5,19.1
10,24.61320,46.62496,62.6,498.9,31.6,34.8,19.2
10,24.61281,46.62405,63.7,513.5,32.4,35.2,20.7
10,24.61242,46.62315,62.7,503.9,31.4,35.4,19.4
10,24.61203,46.62224,60.8,511.8,31.3,34.9,20.8
10,24.61164,46.62134,64.2,500.9,31.1,34.9,20.0
10,24.61125,46.62043,61.4,513.4,31.3,34.8,19.7
10,24.61086,46.61952,22.2,400.6,31.3,35.2,20.2
10,24.61047,46.61862,22.9,401.3,30.9,35.2,20.4
10,24.61008,46.61771,23.7,403.6,31.8,34.5,19.3
10,24.60969,46.61680,22.2,413.1,30.2,34.6,20.7
10,24.60929,46.61590,23.2,412.0,31.7,34.6,20.9
10,24.60890,46.61499,24.7,406.8,32.0,35.4,21.0
10,24.60851,46.61408,21.5,413.8,30.9,35.5,20.7
10,24.60812,46.61318,24.1,403.7,31.9,34.7,20.7
10,24.60773,46.61227,22.9,404.6,32.0,34.6,20.0
10,24.60734,46.61137,22.9,402.5,31.1,35.2,20.8
10,24.60695,46.61046,21.4,403.4,31.7,35.5,20.7
10,24.60656,46.60955,22.6,401.6,31.4,35.0,19.8
10,24.60617,46.60865,23.5,402.1,31.5,35.3,20.3
10,24.60578,46.60774,22.7,405.0,31.2,34.6,19.4
10,24.60539,46.60683,21.0,400.4,29.9,35.1,19.4
10,24.60500,46.60593,24.3,406.7,31.8,34.5,20.7
10,24.60461,46.60502,24.2,406.1,31.3,35.4,19.8
10,24.60422,46.60411,22.3,400.3,31.0,35.0,19.4
10,24.60383,46.60321,20.7,412.4,29.4,34.5,20.7
10,24.60344,46.60230,21.3,409.8,29.7,35.3,20.0
11,24.61952,46.73742,12.8,453.6,26.5,35.5,20.2
11,24.62016,46.73770,14.5,446.9,27.7,34.6,19.3
11,24.62081,46.73799,14.9,453.9,26.7,34.6,19.4
11,24.62145,46.73828,16.5,440.2,28.9,34.5,19.1
11,24.62210,46.73856,13.0,443.2,25.7,35.2,19.0
11,24.62274,46.73885,15.7,452.3,28.3,35.3,19.6
11,24.62338,46.73914,13.6,448.1,26.7,35.4,19.4
11,24.62403,46.73942,14.8,453.2,28.3,35.1,19.8
11,24.62467,46.73971,14.4,444.2,27.5,34.8,19.8
11,24.62532,46.74000,13.9,446.7,26.5,34.5,19.8
11,24.62596,46.74028,12.7,450.6,26.7,35.1,19.7
11,24.62660,46.74057,14.1,439.2,27.5,35.2,20.1
11,24.62725,46.74086,16.9,445.3,28.6,35.1,19.9
11,24.62789,46.74114,13.6,452.3,27.3,34.8,21.0
11,24.62853,46.74143,12.7,445.7,27.0,35.4,19.8
11,24.62918,46.74172,15.1,448.1,28.3,35.2,19.8
11,24.62982,46.74200,16.3,439.6,29.0,34.6,19.3
11,24.63047,46.74229,15.8,442.3,28.2,35.1,19.2
11,24.63111,46.74258,12.7,439.6,26.1,34.9,20.1
11,24.63175,46.74286,14.7,449.8,27.8,34.5,20.8
11,24.63240,46.74315,15.7,452.9,27.3,35.3,19.3
11,24.63304,46.74344,54.4,550.6,28.1,34.6,20.3
11,24.63369,46.74372,52.4,539.0,25.9,35.0,19.9
11,24.63433,46.74401,54.3,543.4,27.5,35.0,19.8
11,24.63497,46.74430,53.6,549.4,27.1,34.7,19.6
11,24.63562,46.74458,56.4,546.1,28.4,34.6,19.3
11,24.63626,46.74487,52.8,543.7,26.4,34.6,20.7
11,24.63690,46.74516,53.5,543.7,27.5,35.0,19.1
11,24.63755,46.74544,56.0,545.2,27.8,34.5,20.8
11,24.63819,46.74573,57.0,539.8,27.6,35.5,19.5
11,24.63884,46.74602,13.2,447.5,27.1,34.6,20.2
11,24.63948,46.74630,14.9,449.4,28.2,35.2,19.2
11,24.64012,46.74659,16.7,440.1,28.4,35.3,20.1
11,24.64077,46.74688,16.9,443.5,27.5,35.2,19.7
11,24.64141,46.74716,15.3,438.9,26.9,35.3,19.4
11,24.64206,46.74745,14.9,440.7,27.2,35.0,20.4
11,24.64270,46.74774,14.4,447.1,28.0,35.3,19.7
11,24.64334,46.74803,15.2,448.2,28.2,35.5,19.3
11,24.64399,46.74831,15.2,444.9,27.8,35.5,20.3
11,24.64463,46.74860,14.3,439.5,26.9,34.7,19.2
11,24.64527,46.74889,15.3,444.7,27.7,35.1,20.0
11,24.64592,46.74917,16.9,444.4,28.9,34.9,19.2
11,24.64656,46.74946,14.6,446.8,26.8,35.1,19.2
11,24.64721,46.74975,15.4,452.7,28.0,35.3,19.9
11,24.64785,46.75003,16.3,450.6,28.6,35.3,19.1
11,24.64849,46.75032,16.4,447.5,28.1,35.1,19.9
11,24.64914,46.75061,13.4,444.8,25.9,34.5,20.2
11,24.64978,46.75089,13.9,453.2,26.0,34.9,19.8
11,24.65043,46.75118,15.4,447.9,27.4,34.5,20.5
11,24.65107,46.75147,16.8,441.1,29.4,35.2,20.2
12,24.65843,46.62342,25.7,414.3,31.9,34.9,20.2
12,24.65818,46.62404,25.1,419.3,32.6,35.4,20.0
12,24.65793,46.62466,22.8,408.3,30.5,35.5,19.5
12,24.65768,46.62528,25.7,405.2,33.7,34.5,20.3
12,24.65743,46.62589,23.4,417.8,32.5,34.7,20.5
12,24.65718,46.62651,23.9,409.5,31.1,35.2,20.9
12,24.65693,46.62713,23.5,411.9,32.2,35.3,19.5
12,24.65669,46.62775,22.2,415.3,31.6,34.9,19.2
12,24.65644,46.62837,25.2,406.9,31.9,35.0,20.5
12,24.65619,46.62899,23.3,411.1,31.2,35.1,19.3
12,24.65594,46.62961,21.4,416.6,29.9,35.3,20.6
12,24.65569,46.63023,23.4,410.4,31.5,35.4,19.4
12,24.65544,46.63085,23.9,411.3,31.0,35.5,19.4
12,24.65519,46.63147,23.4,411.4,31.2,34.9,19.8
12,24.65494,46.63209,22.7,411.6,30.7,34.8,20.1
12,24.65469,46.63271,21.2,407.6,31.5,35.1,19.8
12,24.65444,46.63333,24.2,413.7,32.5,34.7,19.0
12,24.65419,46.63395,22.3,413.6,31.8,34.9,20.3
12,24.65394,46.63457,22.6,405.3,31.2,35.0,20.6
12,24.65369,46.63518,23.6,410.4,30.9,35.5,19.6
12,24.65344,46.63580,24.1,405.9,32.0,35.3,20.1
12,24.65319,46.63642,63.0,513.4,32.0,35.2,20.3
12,24.65294,46.63704,65.4,507.5,32.5,34.9,19.6
12,24.65269,46.63766,64.5,505.9,32.9,34.7,20.8
12,24.65244,46.63828,62.4,518.9,31.4,34.6,20.4
12,24.65219,46.63890,61.3,517.8,29.8,34.9,19.4
12,24.65194,46.63952,63.6,511.0,31.4,35.0,19.6
12,24.65169,46.64014,65.0,519.0,33.0,34.6,20.2
12,24.65144,46.64076,63.5,510.6,31.2,34.7,20.7
12,24.65119,46.64138,63.2,515.4,31.4,35.5,19.9
12,24.65094,46.64200,21.2,414.2,31.0,34.5,19.2
12,24.65069,46.64262,23.5,414.4,32.1,35.1,20.4
12,24.65044,46.64324,21.3,414.6,31.3,35.4,19.9
12,24.65019,46.64385,22.0,410.7,31.6,35.2,20.2
12,24.64994,46.64447,24.3,408.5,31.4,34.5,19.8
12,24.64969,46.64509,25.3,410.8,33.3,35.2,19.8
12,24.64944,46.64571,22.0,415.9,30.6,35.2,20.6
12,24.64919,46.64633,22.1,416.7,31.5,35.0,19.4
12,24.64894,46.64695,21.7,412.1,30.4,35.2,20.3
12,24.64869,46.64757,24.7,405.5,31.5,34.7,20.4
12,24.64844,46.64819,21.3,406.2,31.0,35.4,19.8
12,24.64819,46.64881,25.8,418.4,33.4,34.6,20.4
12,24.64794,46.64943,21.5,410.2,29.8,34.7,20.4
12,24.64769,46.65005,21.6,409.5,30.0,35.3,19.7
12,24.64744,46.65067,25.7,405.7,33.1,34.9,20.3
12,24.64719,46.65129,24.5,414.9,32.6,35.5,20.8
12,24.64695,46.65191,21.4,416.9,30.1,34.5,19.1
12,24.64670,46.65253,21.2,411.9,30.7,34.7,20.9
12,24.64645,46.65314,23.9,417.7,32.8,34.9,21.0
12,24.64620,46.65376,25.3,417.1,32.4,35.5,20.2
13,24.65385,46.59115,25.7,433.9,33.8,34.8,19.2
13,24.65320,46.59097,28.4,435.7,35.2,35.1,19.6
13,24.65256,46.59079,28.2,442.3,34.1,34.8,21.0
13,24.65191,46.59061,26.3,434.5,32.5,34.8,20.9
13,24.65127,46.59043,26.1,433.9,33.0,34.7,20.0
13,24.65062,46.59025,28.5,438.9,33.8,35.1,19.4
13,24.64998,46.59007,25.8,439.4,33.0,35.0,19.4
13,24.64934,46.58989,26.8,434.5,33.3,34.5,19.1
13,24.64869,46.58971,27.4,440.0,32.8,34.8,20.1
13,24.64805,46.58953,26.8,435.1,34.0,34.6,19.5
13,24.64740,46.58935,25.5,442.6,31.9,35.4,20.6
13,24.64676,46.58917,29.8,441.7,34.6,35.4,19.0
13,24.64611,46.58899,25.5,433.9,32.1,34.9,19.1
13,24.64547,46.58882,29.6,440.5,35.1,34.6,19.7
13,24.64482,46.58864,25.2,444.5,33.1,34.9,19.4
13,24.64418,46.58846,28.8,438.3,33.8,34.9,20.5
13,24.64354,46.58828,27.8,434.9,34.8,35.1,19.8
13,24.64289,46.58810,28.3,447.2,35.1,34.5,20.7
13,24.64225,46.58792,27.2,446.4,33.4,35.1,19.1
13,24.64160,46.58774,26.8,443.3,33.0,34.8,19.9
13,24.64096,46.58756,27.6,440.3,33.7,34.9,20.9
13,24.64031,46.58738,69.7,539.1,35.2,34.8,20.6
13,24.63967,46.58720,69.6,534.2,35.3,35.3,20.6
13,24.63903,46.58702,67.9,536.3,33.0,34.8,19.2
13,24.63838,46.58684,68.7,535.8,33.8,35.1,20.5
13,24.63774,46.58666,67.9,543.2,33.8,35.4,19.8
13,24.63709,46.58648,68.1,542.2,34.5,35.0,20.0
13,24.63645,46.58631,68.5,539.5,33.9,35.3,19.7
13,24.63580,46.58613,65.4,539.5,32.8,34.6,20.7
13,24.63516,46.58595,66.7,538.9,33.8,35.2,19.9
13,24.63452,46.58577,29.5,436.1,35.2,34.9,20.5
13,24.63387,46.58559,28.3,445.7,33.5,34.9,21.0
13,24.63323,46.58541,27.9,436.1,34.9,34.6,19.0
13,24.63258,46.58523,28.9,442.0,33.5,34.7,20.0
13,24.63194,46.58505,29.7,441.9,34.1,35.0,19.6
13,24.63129,46.58487,28.8,442.2,33.8,34.9,19.4
13,24.63065,46.58469,25.2,441.8,32.3,34.7,20.5
13,24.63001,46.58451,25.7,437.3,33.3,35.2,20.5
13,24.62936,46.58433,25.7,438.0,32.1,34.6,19.5
13,24.62872,46.58415,29.8,436.1,35.5,34.6,20.5
13,24.62807,46.58398,29.0,441.3,35.2,35.1,19.0
13,24.62743,46.58380,25.4,441.0,32.8,35.3,19.7
13,24.62678,46.58362,27.8,443.7,33.2,34.7,20.2
13,24.62614,46.58344,25.6,436.1,32.3,35.4,19.1
13,24.62550,46.58326,27.5,445.5,32.8,34.9,19.1
13,24.62485,46.58308,25.7,437.8,32.1,35.1,20.4
13,24.62421,46.58290,28.7,443.7,34.6,34.6,19.5
13,24.62356,46.58272,26.7,440.7,33.7,34.9,19.7
13,24.62292,46.58254,28.8,446.1,34.9,34.8,19.4
13,24.62227,46.58236,28.2,441.5,34.1,35.2,19.9
14,24.73269,46.63498,19.9,452.3,30.0,35.3,19.2
14,24.73240,46.63516,20.9,452.7,31.2,34.8,20.0
14,24.73212,46.63534,21.9,445.2,31.2,35.3,20.5
14,24.73184,46.63552,21.5,455.6,31.6,35.4,20.9
14,24.73156,46.63570,20.8,445.8,30.8,35.3,20.2
14,24.73128,46.63588,19.3,445.7,29.6,35.1,19.7
14,24.73100,46.63606,19.3,455.6,29.2,35.3,20.2
14,24.73072,46.63624,23.2,444.6,31.5,35.2,20.2
14,24.73044,46.63642,22.5,446.2,30.3,34.9,20.0
14,24.73016,46.63660,21.2,451.6,30.4,35.4,21.0
14,24.72988,46.63678,22.6,448.2,32.1,34.6,20.0
14,24.72960,46.63696,19.8,446.5,30.3,34.6,20.6
14,24.72932,46.63714,22.0,441.2,31.5,34.7,20.9
14,24.72903,46.63732,18.7,447.2,29.1,34.8,20.2
14,24.72875,46.63750,23.0,445.1,30.8,34.8,19.5
14,24.72847,46.63768,20.6,450.6,29.7,34.9,20.2
14,24.72819,46.63786,20.0,443.9,29.0,34.6,20.1
14,24.72791,46.63804,19.4,442.2,29.0,35.0,20.2
14,24.72763,46.63822,22.3,449.5,31.6,35.4,20.0
14,24.72735,46.63840,19.9,445.9,29.6,35.4,19.8
14,24.72707,46.63858,22.1,444.2,30.6,34.9,19.1
14,24.72679,46.63876,58.6,554.5,30.2,35.3,20.2
14,24.72651,46.63894,62.0,549.9,31.9,35.4,19.9
14,24.72623,46.63912,58.6,551.4,29.8,34.7,20.2
14,24.72594,46.63930,62.5,542.7,30.7,34.8,20.1
14,24.72566,46.63948,62.5,544.7,30.9,34.6,20.3
14,24.72538,46.63966,62.2,546.3,31.9,35.0,20.1
14,24.72510,46.63984,62.9,541.0,30.5,35.3,19.3
14,24.72482,46.64002,58.5,549.1,30.0,35.1,20.5
14,24.72454,46.64020,62.1,547.4,31.1,34.7,19.9
14,24.72426,46.64038,23.2,445.0,32.3,34.7,20.3
14,24.72398,46.64056,18.6,443.3,29.7,35.4,19.3
14,24.72370,46.64075,22.7,450.7,31.1,34.7,19.9
14,24.72342,46.64093,21.6,447.3,30.5,34.6,20.0
14,24.72314,46.64111,21.7,447.5,31.8,35.5,20.4
14,24.72286,46.64129,19.4,444.1,30.3,35.4,20.6
14,24.72257,46.64147,18.9,446.2,28.5,35.0,20.5
14,24.72229,46.64165,19.9,451.5,29.9,35.3,20.5
14,24.72201,46.64183,22.7,444.8,31.4,35.4,20.8
14,24.72173,46.64201,21.1,449.8,30.4,35.2,19.8
14,24.72145,46.64219,19.9,442.5,30.5,35.5,20.0
14,24.72117,46.64237,19.1,451.6,30.4,34.5,20.3
14,24.72089,46.64255,20.6,451.8,31.1,34.5,20.2
14,24.72061,46.64273,21.7,442.0,31.6,34.6,19.9
14,24.72033,46.64291,19.8,451.7,30.2,35.3,20.2
14,24.72005,46.64309,22.4,446.2,31.1,35.5,20.8
14,24.71977,46.64327,21.3,447.0,29.7,35.3,20.2
14,24.71948,46.64345,20.2,446.7,30.3,34.6,20.5
14,24.71920,46.64363,19.0,451.3,29.7,35.0,19.4
14,24.71892,46.64381,21.0,447.0,30.0,35.1,19.1
15,24.71688,46.62862,18.3,446.3,29.3,35.3,20.7
15,24.71734,46.62896,14.5,443.3,28.0,34.6,20.8
15,24.71779,46.62929,18.2,446.4,30.0,35.3,19.3
15,24.71824,46.62963,13.5,445.4,26.5,35.2,20.8
15,24.71870,46.62997,16.6,434.9,28.1,35.5,19.7
15,24.71915,46.63031,15.6,435.4,28.1,35.3,19.6
15,24.71960,46.63064,15.8,446.7,27.9,35.5,20.0
15,24.72006,46.63098,17.3,437.2,29.2,34.9,20.0
15,24.72051,46.63132,15.4,438.8,27.5,35.2,20.4
15,24.72096,46.63166,18.2,440.3,29.2,35.0,19.0
15,24.72142,46.63199,17.9,439.9,27.9,34.6,19.5
15,24.72187,46.63233,15.4,440.7,27.2,34.7,20.5
15,24.72232,46.63267,16.8,434.7,29.1,34.9,20.9
15,24.72278,46.63301,17.9,441.4,29.5,35.3,20.4
15,24.72323,46.63334,17.6,438.3,29.7,35.4,19.5
15,24.72368,46.63368,18.4,436.2,28.2,35.2,20.9
15,24.72414,46.63402,17.5,441.5,29.0,35.2,20.1
15,24.72459,46.63436,14.0,443.8,27.1,34.6,19.6
15,24.72504,46.63469,17.2,445.4,28.7,35.5,19.6
15,24.72550,46.63503,16.9,434.2,27.8,35.4,19.6
15,24.72595,46.63537,17.2,447.1,29.4,34.7,21.0
15,24.72641,46.63571,58.2,544.1,29.9,35.1,20.1
15,24.72686,46.63604,54.0,542.6,28.0,35.3,19.9
15,24.72731,46.63638,56.5,533.7,28.4,34.7,20.7
15,24.72777,46.63672,53.5,547.3,27.7,35.3,20.7
15,24.72822,46.63706,53.5,542.2,27.0,34.9,20.3
15,24.72867,46.63739,54.5,542.4,27.7,34.9,19.5
15,24.72913,46.63773,54.8,536.5,26.6,34.7,20.0
15,24.72958,46.63807,56.8,540.8,29.3,34.9,20.1
15,24.73003,46.63841,56.5,538.8,28.5,34.5,20.5
15,24.73049,46.63874,16.1,438.3,28.7,35.2,19.8
15,24.73094,46.63908,17.9,447.1,29.4,35.0,20.9
15,24.73139,46.63942,16.5,448.2,28.0,35.0,19.7
15,24.73185,46.63976,15.2,438.6,28.5,35.2,20.5
15,24.73230,46.64009,14.1,448.0,27.0,34.9,19.7
15,24.73275,46.64043,14.7,435.6,27.2,34.5,19.6
15,24.73321,46.64077,17.9,444.0,29.0,35.1,20.3
15,24.73366,46.64111,17.1,443.3,28.7,35.0,19.3
15,24.73411,46.64144,14.8,434.1,26.8,35.0,19.9
15,24.73457,46.64178,16.2,442.4,27.5,34.8,19.8
15,24.73502,46.64212,14.9,438.2,28.2,34.6,20.7
15,24.73547,46.64246,14.3,433.7,27.0,34.6,19.8
15,24.73593,46.64279,15.5,439.2,26.9,34.6,20.7
15,24.73638,46.64313,16.1,446.7,29.0,34.9,20.4
15,24.73683,46.64347,18.0,444.2,28.3,35.1,19.7
15,24.73729,46.64381,17.9,448.0,29.4,35.0,19.9
15,24.73774,46.64414,14.4,441.5,26.9,35.4,20.6
15,24.73819,46.64448,14.3,436.7,27.3,34.6,19.0
15,24.73865,46.64482,15.5,444.3,28.5,35.4,19.2
15,24.73910,46.64516,17.7,443.0,28.3,34.9,20.0
16,24.76218,46.77539,15.8,434.0,26.9,35.0,19.5
16,24.76207,46.77519,14.6,434.0,27.3,35.3,21.0
16,24.76195,46.77500,18.4,421.9,29.9,35.0,19.8
16,24.76183,46.77480,18.3,429.1,28.4,34.7,20.8
16,24.76172,46.77460,16.7,434.5,28.8,35.4,19.0
16,24.76160,46.77441,14.8,421.8,27.0,35.1,19.7
16,24.76148,46.77421,14.2,428.6,27.5,34.8,20.9
16,24.76137,46.77402,18.9,430.2,29.5,34.7,19.2
16,24.76125,46.77382,14.8,424.5,27.4,34.6,19.9
16,24.76113,46.77362,14.7,426.2,27.5,35.0,19.8
16,24.76102,46.77343,17.3,426.7,29.1,34.7,20.2
16,24.76090,46.77323,18.2,422.1,28.4,34.6,20.2
16,24.76078,46.77303,16.2,431.3,28.9,35.4,20.0
16,24.76067,46.77284,18.2,423.7,28.2,34.9,20.0
16,24.76055,46.77264,16.6,424.9,27.4,35.0,20.2
16,24.76043,46.77245,16.7,423.8,29.3,35.2,19.8
16,24.76032,46.77225,18.6,428.3,28.7,35.0,20.2
16,24.76020,46.77205,15.5,430.1,27.0,35.5,20.3
16,24.76008,46.77186,14.7,427.8,27.1,34.6,20.6
16,24.75997,46.77166,15.8,432.9,27.9,34.9,20.7
16,24.75985,46.77146,14.4,425.3,27.4,35.0,19.9
16,24.75974,46.77127,56.0,529.4,27.6,34.9,21.0
16,24.75962,46.77107,54.3,527.8,27.5,35.1,19.9
16,24.75950,46.77088,55.0,522.6,28.3,35.3,20.5
16,24.75939,46.77068,55.2,535.0,27.6,34.9,20.3
16,24.75927,46.77048,55.4,524.2,27.0,35.4,20.8
16,24.75915,46.77029,56.9,535.5,28.8,35.1,19.9
16,24.75904,46.77009,57.4,522.9,27.7,35.1,20.0
16,24.75892,46.76990,57.7,529.3,29.4,35.4,19.3
16,24.75880,46.76970,55.1,526.8,27.2,35.2,20.1
16,24.75869,46.76950,14.7,421.5,27.3,35.2,19.1
16,24.75857,46.76931,18.6,424.5,28.6,35.3,19.2
16,24.75845,46.76911,15.6,434.3,27.0,35.0,20.4
16,24.75834,46.76891,16.9,421.3,29.1,34.7,19.2
16,24.75822,46.76872,18.0,435.2,28.3,35.1,20.4
16,24.75810,46.76852,16.8,424.0,28.8,34.6,19.7
16,24.75799,46.76833,13.9,425.8,27.7,34.7,20.0
16,24.75787,46.76813,18.5,423.3,30.0,34.9,20.8
16,24.75775,46.76793,18.5,431.9,29.9,35.4,20.4
16,24.75764,46.76774,14.3,425.2,27.8,35.3,19.4
16,24.75752,46.76754,18.3,429.2,28.4,35.3,19.2
16,24.75740,46.76734,16.3,421.2,28.8,35.4,20.5
16,24.75729,46.76715,15.1,427.8,28.6,34.8,20.5
16,24.75717,46.76695,14.6,422.7,26.6,35.3,20.5
16,24.75705,46.76676,17.5,420.7,28.1,34.9,20.0
16,24.75694,46.76656,16.7,425.1,28.7,35.3,19.6
16,24.75682,46.76636,16.7,421.0,27.6,35.1,19.5
16,24.75670,46.76617,16.7,421.9,29.3,35.2,19.6
16,24.75659,46.76597,18.2,425.3,28.6,34.8,19.8
16,24.75647,46.76578,18.1,428.7,28.7,35.1,19.4
17,24.72253,46.74369,24.7,441.0,33.3,35.5,20.0
17,24.72268,46.74331,25.3,438.7,33.2,34.6,20.2
17,24.72282,46.74293,22.1,451.8,31.3,35.0,20.0
17,24.72297,46.74255,22.5,444.9,31.4,35.0,19.4
17,24.72312,46.74216,23.7,450.3,32.1,35.3,19.2
17,24.72327,46.74178,24.1,450.2,32.0,35.4,19.7
17,24.72341,46.74140,22.9,446.9,32.1,35.5,19.8
17,24.72356,46.74102,24.1,449.6,32.2,35.0,19.6
17,24.72371,46.74064,21.8,437.8,30.5,34.9,19.5
17,24.72385,46.74026,25.7,446.9,33.4,34.7,20.6
17,24.72400,46.73988,22.7,449.4,31.3,35.2,19.6
17,24.72415,46.73949,21.9,450.5,31.9,35.3,19.4
17,24.72429,46.73911,22.2,450.0,30.8,34.5,19.8
17,24.72444,46.73873,25.7,449.4,31.9,35.0,20.2
17,24.72459,46.73835,22.5,450.7,31.8,35.0,21.0
17,24.72474,46.73797,21.2,443.3,31.2,35.3,20.0
17,24.72488,46.73759,24.7,439.7,32.9,34.8,20.0
17,24.72503,46.73720,22.0,444.2,30.1,34.9,19.4
17,24.72518,46.73682,22.8,440.4,32.0,34.5,20.6
17,24.72532,46.73644,21.2,448.7,31.4,34.7,20.6
17,24.72547,46.73606,25.4,438.9,33.4,35.1,20.2
17,24.72562,46.73568,64.9,538.1,32.1,35.1,19.6
17,24.72576,46.73530,64.2,545.2,32.7,34.8,20.6
17,24.72591,46.73492,65.8,542.1,33.3,34.9,19.4
17,24.72606,46.73453,65.6,547.6,32.8,34.8,20.0
17,24.72621,46.73415,63.7,540.1,31.9,35.0,20.8
17,24.72635,46.73377,63.9,542.4,31.7,34.6,19.8
17,24.72650,46.73339,65.8,545.8,32.6,34.8,19.4
17,24.72665,46.73301,61.5,547.3,30.3,35.3,20.2
17,24.72679,46.73263,63.2,542.1,30.9,35.0,20.6
17,24.72694,46.73225,24.6,447.3,31.8,35.1,19.0
17,24.72709,46.73186,22.1,447.9,30.8,34.7,19.6
17,24.72724,46.73148,25.1,451.8,31.7,34.6,20.5
17,24.72738,46.73110,25.5,449.7,33.5,35.1,20.3
17,24.72753,46.73072,23.6,439.3,32.0,34.8,19.9
17,24.72768,46.73034,21.3,437.6,30.1,35.1,20.4
17,24.72782,46.72996,24.1,438.8,31.8,35.3,19.6
17,24.72797,46.72958,24.1,445.6,31.6,35.3,20.3
17,24.72812,46.72919,21.4,447.0,30.8,35.4,19.9
17,24.72826,46.72881,23.2,445.8,32.5,34.7,19.2
17,24.72841,46.72843,21.0,452.5,30.0,35.3,20.7
17,24.72856,46.72805,25.5,441.2,32.6,35.4,19.1
17,24.72871,46.72767,25.5,441.0,32.7,34.8,20.8
17,24.72885,46.72729,22.7,445.5,31.3,35.4,19.9
17,24.72900,46.72691,24.1,439.4,31.9,35.0,19.8
17,24.72915,46.72652,25.4,445.8,31.7,35.5,20.6
17,24.72929,46.72614,24.2,450.4,31.8,34.7,20.5
17,24.72944,46.72576,25.9,441.5,33.8,34.7,20.4
17,24.72959,46.72538,21.0,439.0,30.6,35.0,20.5
17,24.72973,46.72500,23.1,440.7,32.5,35.1,19.1
18,24.71954,46.60053,20.4,448.0,30.9,34.7,20.1
18,24.71945,46.59968,20.7,450.2,29.8,35.4,19.9
18,24.71935,46.59884,18.9,441.7,30.2,34.7,19.4
18,24.71925,46.59800,19.0,445.2,28.7,35.5,19.2
18,24.71916,46.59715,16.5,440.8,29.1,34.7,20.9
18,24.71906,46.59631,16.8,450.2,27.6,35.3,20.6
18,24.71896,46.59547,18.8,440.2,28.6,35.0,20.1
18,24.71887,46.59462,21.0,450.9,31.2,34.6,20.1
18,24.71877,46.59378,17.1,448.4,27.6,34.9,19.4
18,24.71867,46.59294,19.5,453.0,30.0,35.5,20.7
18,24.71857,46.59209,19.3,441.2,29.6,34.7,20.7
18,24.71848,46.59125,17.6,445.2,28.8,35.1,20.0
18,24.71838,46.59041,18.2,447.5,30.1,35.4,19.7
18,24.71828,46.58956,20.8,454.0,31.1,35.2,19.1
18,24.71819,46.58872,20.8,445.8,31.2,34.6,19.9
18,24.71809,46.58788,18.2,445.8,29.2,35.3,19.4
18,24.71799,46.58704,16.5,443.7,29.1,34.8,19.4
18,24.71790,46.58619,18.3,453.0,29.5,34.7,19.1
18,24.71780,46.58535,20.9,446.7,29.5,35.4,20.0
18,24.71770,46.58451,19.0,448.4,29.5,35.4,19.0
18,24.71761,46.58366,18.4,443.4,29.8,34.6,20.7
18,24.71751,46.58282,58.2,542.7,29.7,34.7,19.4
18,24.71741,46.58198,57.5,545.4,28.0,34.6,20.7
18,24.71732,46.58113,61.2,540.2,30.4,35.0,19.4
18,24.71722,46.58029,58.9,550.4,28.9,34.9,19.2
18,24.71712,46.57945,61.0,549.0,30.8,35.3,19.6
18,24.71702,46.57860,60.2,545.0,30.7,34.8,19.3
18,24.71693,46.57776,56.9,543.5,29.3,34.9,20.5
18,24.71683,46.57692,59.5,551.4,29.1,34.8,19.1
18,24.71673,46.57607,57.1,549.0,29.3,34.8,19.4
18,24.71664,46.57523,19.4,441.0,30.6,35.1,19.1
18,24.71654,46.57439,17.8,443.3,28.1,35.4,20.8
18,24.71644,46.57355,16.5,448.1,28.9,35.4,20.5
18,24.71635,46.57270,17.6,442.3,27.9,35.4,20.9
18,24.71625,46.57186,20.5,445.5,29.8,35.2,20.9
18,24.71615,46.57102,20.2,441.6,31.1,35.4,20.5
18,24.71606,46.57017,21.0,453.9,31.3,35.1,20.5
18,24.71596,46.56933,17.2,442.4,28.5,34.7,19.8
18,24.71586,46.56849,20.4,449.5,29.9,34.7,20.7
18,24.71576,46.56764,17.9,451.1,28.4,35.1,20.4
18,24.71567,46.56680,20.0,443.5,30.5,35.3,20.8
18,24.71557,46.56596,16.9,439.6,29.3,34.9,19.7
18,24.71547,46.56511,19.4,440.8,30.1,34.9,19.9
18,24.71538,46.56427,19.5,449.3,29.0,34.7,20.1
18,24.71528,46.56343,17.1,446.9,29.4,35.2,20.5
18,24.71518,46.56258,16.3,443.7,27.6,34.8,20.4
18,24.71509,46.56174,18.0,441.2,29.5,34.7,19.3
18,24.71499,46.56090,19.1,445.5,30.1,35.1,21.0
18,24.71489,46.56006,16.3,448.8,27.3,34.9,20.4
18,24.71480,46.55921,18.8,447.5,29.6,35.3,20.7
19,24.68754,46.70677,15.7,447.8,27.9,34.9,19.2
19,24.68768,46.70694,12.5,440.5,25.9,34.7,19.8
19,24.68782,46.70711,13.7,447.5,26.9,35.0,20.7
19,24.68797,46.70728,16.2,439.1,27.7,35.4,20.4
19,24.68811,46.70745,12.7,443.8,26.6,35.1,20.4
19,24.68825,46.70762,15.7,452.3,28.6,35.1,20.6
19,24.68840,46.70779,12.6,444.6,27.1,35.0,20.0
19,24.68854,46.70796,12.9,452.0,26.9,34.7,20.6
19,24.68868,46.70813,17.1,440.1,28.3,34.5,20.0
19,24.68883,46.70830,16.9,444.5,28.8,34.9,19.0
19,24.68897,46.70847,13.7,448.3,26.0,35.0,20.8
19,24.68911,46.70864,13.5,447.4,26.0,34.6,19.8
19,24.68926,46.70881,16.2,444.1,28.9,35.1,20.3
19,24.68940,46.70898,12.8,449.2,27.1,34.5,19.8
19,24.68954,46.70915,17.2,438.9,28.5,34.5,19.8
19,24.68968,46.70932,16.3,449.9,27.5,35.3,19.3
19,24.68983,46.70950,16.1,447.5,27.1,34.5,19.7
19,24.68997,46.70967,13.2,439.5,26.7,34.7,19.8
19,24.69011,46.70984,14.1,449.4,27.2,35.4,19.7
19,24.69026,46.71001,15.4,446.8,28.7,35.0,20.3
19,24.69040,46.71018,14.5,448.0,26.6,35.5,19.2
19,24.69054,46.71035,53.9,545.1,27.3,34.8,19.5
19,24.69069,46.71052,53.0,545.1,26.0,34.6,20.2
19,24.69083,46.71069,55.1,545.0,27.0,34.7,20.3
19,24.69097,46.71086,54.0,545.6,27.8,34.9,19.5
19,24.69111,46.71103,53.3,540.1,27.0,35.2,19.4
19,24.69126,46.71120,54.8,549.6,27.4,35.1,20.1
19,24.69140,46.71137,54.7,540.9,27.6,34.5,20.9
19,24.69154,46.71154,54.0,546.3,26.0,34.9,20.2
19,24.69169,46.71171,54.0,548.8,27.0,35.0,19.5
19,24.69183,46.71188,17.2,446.8,28.3,35.1,20.7
19,24.69197,46.71205,14.0,444.8,26.1,35.0,19.6
19,24.69212,46.71222,16.6,444.1,27.9,34.7,20.3
19,24.69226,46.71239,16.3,452.3,28.9,34.7,19.5
19,24.69240,46.71256,17.4,449.0,28.6,35.0,19.5
19,24.69255,46.71273,14.5,445.7,28.1,35.5,20.0
19,24.69269,46.71290,14.0,442.0,27.5,34.5,19.6
19,24.69283,46.71307,14.0,450.6,26.1,34.8,19.8
19,24.69297,46.71324,17.1,451.5,28.8,35.1,19.6
19,24.69312,46.71341,13.6,448.2,27.4,35.1,19.4
19,24.69326,46.71358,16.7,450.7,29.3,35.1,20.5
19,24.69340,46.71375,13.3,446.3,27.2,34.7,20.5
19,24.69355,46.71392,16.4,440.4,27.5,34.7,19.5
19,24.69369,46.71409,15.4,445.7,27.8,35.2,19.2
19,24.69383,46.71426,17.4,442.8,28.9,35.1,20.7
19,24.69398,46.71443,13.7,440.2,27.5,35.3,20.2
19,24.69412,46.71460,15.7,450.9,27.3,35.3,19.9
19,24.69426,46.71477,16.8,438.9,28.9,35.4,20.8
19,24.69441,46.71495,14.9,448.4,27.0,35.1,19.5
19,24.69455,46.71512,15.0,447.7,28.5,34.8,20.6
20,24.64181,46.59203,22.3,413.3,31.0,34.7,20.4
20,24.64213,46.59115,24.7,413.6,32.2,34.8,20.8
20,24.64245,46.59026,24.6,409.4,31.7,35.3,20.1
20,24.64277,46.58937,21.5,411.6,30.7,35.1,19.5
20,24.64309,46.58849,22.1,418.9,31.7,34.5,20.0
20,24.64341,46.58760,23.3,419.6,31.8,34.6,20.1
20,24.64373,46.58671,20.2,410.7,29.5,35.0,19.4
20,24.64405,46.58583,23.9,422.5,31.9,34.8,19.5
20,24.64437,46.58494,22.0,413.7,30.7,35.2,20.0
20,24.64468,46.58406,21.3,423.4,31.2,35.4,19.1
20,24.64500,46.58317,22.8,417.5,32.4,35.5,19.6
20,24.64532,46.58228,20.4,418.6,30.3,35.2,19.1
20,24.64564,46.58140,24.0,415.6,32.5,34.7,19.6
20,24.64596,46.58051,20.5,419.8,29.3,34.5,20.3
20,24.64628,46.57962,20.3,419.2,29.6,34.7,20.0
20,24.64660,46.57874,23.2,409.5,30.8,34.7,20.8
20,24.64692,46.57785,21.3,424.1,31.0,35.1,20.9
20,24.64724,46.57696,20.1,415.7,30.5,34.9,20.4
20,24.64756,46.57608,23.4,413.3,32.4,34.6,19.9
20,24.64788,46.57519,20.7,424.0,30.6,35.1,20.3
20,24.64819,46.57431,22.1,416.0,30.3,34.8,20.2
20,24.64851,46.57342,60.6,511.1,29.6,34.5,19.5
20,24.64883,46.57253,60.1,512.6,30.2,35.3,19.9
20,24.64915,46.57165,61.4,511.6,29.9,34.5,20.8
20,24.64947,46.57076,62.8,517.2,30.5,35.1,19.2
20,24.64979,46.56987,64.5,516.2,31.3,35.3,20.9
20,24.65011,46.56899,61.0,510.5,29.8,35.4,19.2
20,24.65043,46.56810,63.8,520.6,31.4,35.1,20.7
20,24.65075,46.56721,63.5,513.7,31.6,35.1,19.7
20,24.65107,46.56633,61.0,515.8,30.6,34.8,20.9
20,24.65139,46.56544,22.2,415.2,31.0,34.9,20.9
20,24.65171,46.56455,20.8,422.9,29.5,34.9,19.4
20,24.65202,46.56367,22.6,421.9,31.9,35.1,20.0
20,24.65234,46.56278,23.1,413.7,30.6,34.5,20.0
20,24.65266,46.56190,22.7,423.5,31.7,35.3,19.4
20,24.65298,46.56101,20.0,418.1,30.2,34.9,19.5
20,24.65330,46.56012,22.0,410.7,31.1,35.1,20.3
20,24.65362,46.55924,23.5,410.7,31.0,34.6,19.8
20,24.65394,46.55835,20.3,424.2,30.5,34.5,19.5
20,24.65426,46.55746,21.3,411.7,30.6,34.9,20.7
20,24.65458,46.55658,22.1,409.3,31.0,35.4,20.3
20,24.65490,46.55569,24.6,410.9,33.1,34.8,20.4
20,24.65522,46.55480,20.9,416.9,31.1,34.9,19.0
20,24.65554,46.55392,22.5,413.2,31.7,35.0,19.4
20,24.65585,46.55303,21.9,410.8,31.2,35.2,20.1
20,24.65617,46.55215,20.2,422.3,29.1,35.4,19.4
20,24.65649,46.55126,22.6,416.8,31.8,34.8,20.3
20,24.65681,46.55037,24.0,417.6,32.1,35.3,20.4
20,24.65713,46.54949,21.9,417.1,30.3,35.5,21.0
20,24.65745,46.54860,20.6,413.8,30.5,34.7,19.3
21,24.75436,46.52121,21.5,422.9,31.4,35.1,19.8
21,24.75357,46.52063,24.9,424.8,31.6,35.1,21.0
21,24.75278,46.52005,22.0,425.4,30.8,35.4,20.0
21,24.75198,46.51948,24.7,427.0,32.6,35.1,20.5
21,24.75119,46.51890,25.1,417.3,32.8,35.0,20.2
21,24.75040,46.51832,26.4,425.1,33.0,35.4,19.3
21,24.74961,46.51774,21.6,423.9,30.8,34.9,20.2
21,24.74881,46.51717,21.9,417.1,30.6,34.9,21.0
21,24.74802,46.51659,25.6,416.4,32.3,35.2,19.2
21,24.74723,46.51601,24.4,425.3,32.4,34.6,20.7
21,24.74644,46.51543,22.5,417.3,30.6,34.6,19.8
21,24.74564,46.51485,25.0,415.9,32.7,35.1,20.0
21,24.74485,46.51428,22.8,419.8,31.2,34.8,20.3
21,24.74406,46.51370,23.3,417.9,32.4,34.8,20.9
21,24.74327,46.51312,25.0,422.0,33.2,35.2,19.5
21,24.74247,46.51254,23.6,418.9,31.2,34.6,19.3
21,24.74168,46.51196,22.2,430.2,31.9,34.8,20.6
21,24.74089,46.51139,24.9,423.7,32.4,34.7,20.4
21,24.74010,46.51081,22.0,427.3,30.6,34.6,19.9
21,24.73930,46.51023,24.2,429.3,32.6,35.0,20.3
21,24.73851,46.50965,25.7,426.3,33.8,35.2,19.9
21,24.73772,46.50908,61.4,522.9,31.1,34.5,20.5
21,24.73693,46.50850,62.4,523.9,31.4,35.2,19.8
21,24.73613,46.50792,64.7,524.6,32.1,35.3,20.7
21,24.73534,46.50734,63.5,526.1,31.0,34.5,19.3
21,24.73455,46.50676,61.8,515.8,31.1,35.1,20.7
21,24.73376,46.50619,65.4,525.1,31.8,35.5,19.3
21,24.73296,46.50561,62.1,528.3,31.4,35.3,20.4
21,24.73217,46.50503,61.5,520.7,31.1,35.4,19.2
21,24.73138,46.50445,61.5,515.9,29.8,35.0,20.3
21,24.73059,46.50388,21.8,425.9,31.2,34.5,19.8
21,24.72979,46.50330,26.1,416.4,32.6,35.2,20.9
21,24.72900,46.50272,24.2,428.1,31.5,35.0,19.4
21,24.72821,46.50214,25.1,423.7,32.3,35.1,20.0
21,24.72742,46.50156,25.1,429.6,33.5,34.7,20.4
21,24.72662,46.50099,22.3,421.1,30.2,34.8,20.9
21,24.72583,46.50041,23.2,429.6,31.2,34.9,20.2
21,24.72504,46.49983,21.9,429.4,31.9,35.4,19.8
21,24.72424,46.49925,22.3,419.9,31.7,35.1,20.9
21,24.72345,46.49867,25.6,424.8,32.5,35.2,19.9
21,24.72266,46.49810,25.5,421.3,33.0,35.1,19.4
21,24.72187,46.49752,23.5,425.5,31.2,35.3,20.8
21,24.72107,46.49694,21.6,422.1,31.5,34.7,20.9
21,24.72028,46.49636,24.7,425.8,31.9,35.4,19.2
21,24.71949,46.49579,26.0,420.8,32.1,35.3,19.3
21,24.71870,46.49521,22.7,420.9,32.1,35.4,19.6
21,24.71790,46.49463,25.4,420.6,32.2,35.1,19.8
21,24.71711,46.49405,23.5,427.8,32.6,35.0,19.1
21,24.71632,46.49347,25.0,426.8,33.2,35.1,20.1
21,24.71553,46.49290,26.1,426.6,32.4,35.0,20.9
22,24.67303,46.65738,17.7,441.2,28.7,35.0,20.7
22,24.67287,46.65751,20.6,446.3,30.1,34.7,19.5
22,24.67272,46.65764,16.3,443.9,28.9,35.5,19.5
22,24.67257,46.65777,17.7,446.0,28.8,35.1,19.7
22,24.67242,46.65790,20.6,438.3,30.9,34.5,19.7
22,24.67227,46.65803,16.5,433.0,29.2,35.5,20.7
22,24.67212,46.65816,17.6,443.6,28.1,35.4,20.5
22,24.67196,46.65830,20.7,441.5,29.9,34.7,20.6
22,24.67181,46.65843,17.3,436.8,28.3,34.8,20.7
22,24.67166,46.65856,20.6,439.9,29.9,34.8,19.3
22,24.67151,46.65869,17.9,437.4,29.0,35.0,20.3
22,24.67136,46.65882,18.8,446.4,28.4,35.1,19.9
22,24.67121,46.65895,16.1,437.7,27.3,35.3,19.8
22,24.67105,46.65908,18.9,446.4,29.7,35.3,19.7
22,24.67090,46.65921,19.2,434.8,29.0,34.6,20.6
22,24.67075,46.65935,16.3,434.1,27.2,34.5,19.5
22,24.67060,46.65948,16.5,443.6,28.0,35.1,19.3
22,24.67045,46.65961,18.1,435.3,29.9,35.3,20.6
22,24.67030,46.65974,15.9,432.1,28.8,35.1,19.4
22,24.67014,46.65987,18.8,436.7,30.2,35.4,20.9
22,24.66999,46.66000,16.0,436.8,27.2,35.3,20.8
22,24.66984,46.66013,59.0,540.1,29.0,35.2,19.3
22,24.66969,46.66027,59.2,543.1,30.4,35.5,19.8
22,24.66954,46.66040,60.2,536.6,30.1,34.6,20.3
22,24.66939,46.66053,57.0,541.3,27.9,35.5,20.5
22,24.66923,46.66066,58.0,537.8,29.7,35.3,20.6
22,24.66908,46.66079,59.7,542.4,29.4,34.7,20.9
22,24.66893,46.66092,55.9,543.1,27.9,35.2,20.6
22,24.66878,46.66105,59.1,538.0,29.5,35.4,19.4
22,24.66863,46.66119,56.9,544.4,28.4,35.0,20.9
22,24.66848,46.66132,16.4,443.6,27.9,35.0,19.2
22,24.66832,46.66145,20.0,444.1,30.3,35.3,19.9
22,24.66817,46.66158,18.4,439.2,29.7,35.4,20.7
22,24.66802,46.66171,16.5,445.9,28.8,35.2,19.9
22,24.66787,46.66184,17.1,445.1,29.4,35.4,19.9
22,24.66772,46.66197,20.2,439.9,30.5,34.9,20.5
22,24.66757,46.66210,20.4,446.8,29.6,35.4,20.0
22,24.66741,46.66224,19.3,438.6,29.0,34.8,21.0
22,24.66726,46.66237,20.1,439.9,30.5,35.0,20.0
22,24.66711,46.66250,17.4,434.7,28.9,34.7,19.0
22,24.66696,46.66263,20.1,434.7,30.7,35.3,20.8
22,24.66681,46.66276,20.3,437.9,29.6,35.2,20.1
22,24.66666,46.66289,19.5,433.4,30.6,35.4,19.1
22,24.66650,46.66302,16.4,434.4,29.0,34.7,20.1
22,24.66635,46.66316,16.9,436.5,28.8,34.6,19.3
22,24.66620,46.66329,19.5,441.4,29.9,34.6,20.4
22,24.66605,46.66342,18.3,438.6,29.6,35.5,20.3
22,24.66590,46.66355,20.6,434.3,29.6,34.6,20.1
22,24.66575,46.66368,20.0,446.2,30.5,35.1,19.8
22,24.66559,46.66381,18.3,446.6,30.0,35.4,19.9
23,24.66771,46.74235,9.6,436.3,23.8,35.1,19.9
23,24.66690,46.74274,9.8,433.3,25.4,34.9,19.4
23,24.66609,46.74313,9.7,439.0,24.9,34.7,20.5
23,24.66527,46.74352,12.4,433.3,25.8,34.8,19.2
23,24.66446,46.74392,11.8,430.4,25.6,34.7,19.4
23,24.66364,46.74431,10.9,439.4,25.1,34.9,19.6
23,24.66283,46.74470,13.2,425.4,26.0,35.4,20.3
23,24.66201,46.74509,11.6,428.9,25.6,34.6,19.7
23,24.66120,46.74548,10.4,436.4,25.7,35.4,20.9
23,24.66038,46.74587,10.8,425.9,26.3,34.9,19.8
23,24.65957,46.74627,9.3,439.5,23.8,35.2,20.4
23,24.65876,46.74666,10.4,435.9,24.5,35.2,19.3
23,24.65794,46.74705,10.9,437.3,25.2,34.7,20.0
23,24.65713,46.74744,10.0,425.6,24.1,35.4,20.5
23,24.65631,46.74783,12.4,426.0,26.6,34.9,19.8
23,24.65550,46.74822,11.0,426.6,25.0,35.0,20.8
23,24.65468,46.74862,11.9,438.2,27.0,34.8,20.3
23,24.65387,46.74901,11.5,434.0,26.2,34.9,20.5
23,24.65305,46.74940,12.9,432.4,26.2,35.2,19.3
23,24.65224,46.74979,12.4,430.8,25.8,34.9,19.2
23,24.65142,46.75018,12.8,431.6,26.5,34.9,21.0
23,24.65061,46.75058,50.9,525.7,26.2,34.7,19.2
23,24.64980,46.75097,54.1,534.5,27.0,35.0,21.0
23,24.64898,46.75136,52.2,527.4,26.0,35.4,19.3
23,24.64817,46.75175,50.1,526.6,25.8,34.9,20.7
23,24.64735,46.75214,51.0,537.5,25.1,35.3,21.0
23,24.64654,46.75253,53.5,534.0,27.2,35.4,19.1
23,24.64572,46.75293,54.0,532.9,26.1,34.9,19.7
23,24.64491,46.75332,53.6,533.8,26.1,34.9,19.0
23,24.64409,46.75371,50.4,526.7,25.8,34.7,19.0
23,24.64328,46.75410,10.4,434.4,24.6,34.9,20.4
23,24.64247,46.75449,13.9,428.0,26.4,35.4,20.3
23,24.64165,46.75488,12.1,432.1,26.2,35.2,19.5
23,24.64084,46.75528,13.9,426.8,27.7,35.5,19.8
23,24.64002,46.75567,13.6,437.4,25.9,34.8,19.7
23,24.63921,46.75606,11.6,432.4,26.5,35.4,20.4
23,24.63839,46.75645,13.0,429.7,27.4,34.9,19.9
23,24.63758,46.75684,11.7,435.5,25.9,34.8,19.5
23,24.63676,46.75723,11.0,428.3,25.4,35.3,19.2
23,24.63595,46.75763,13.7,426.2,26.0,35.3,19.6
23,24.63514,46.75802,9.3,425.6,23.8,35.5,19.4
23,24.63432,46.75841,10.6,436.2,25.9,35.3,19.8
23,24.63351,46.75880,11.4,431.0,26.6,34.6,19.3
23,24.63269,46.75919,10.1,432.6,24.8,35.4,20.0
23,24.63188,46.75959,11.0,435.7,25.8,34.8,20.1
23,24.63106,46.75998,14.1,431.3,27.3,34.5,20.2
23,24.63025,46.76037,12.5,426.2,25.6,35.2,20.0
23,24.62943,46.76076,13.6,438.4,26.8,35.3,20.0
23,24.62862,46.76115,12.5,433.9,25.7,35.1,20.3
23,24.62780,46.76154,10.5,435.3,25.1,35.0,19.5
24,24.68529,46.75829,25.7,438.5,32.9,34.6,19.6
24,24.68618,46.75880,24.1,433.6,32.9,35.1,19.2
24,24.68707,46.75931,23.0,435.9,32.0,34.6,20.5
24,24.68795,46.75982,27.0,444.6,32.8,35.3,20.4
24,24.68884,46.76032,23.0,435.5,30.6,34.6,19.1
24,24.68973,46.76083,25.8,443.8,32.0,34.6,20.5
24,24.69062,46.76134,25.8,444.2,33.0,35.0,19.6
24,24.69151,46.76185,23.2,431.8,32.5,34.9,19.4
24,24.69239,46.76236,24.1,441.6,31.3,35.2,19.9
24,24.69328,46.76287,26.9,438.7,34.2,34.6,20.8
24,24.69417,46.76338,27.3,445.0,34.5,34.9,20.0
24,24.69506,46.76389,26.1,435.8,33.9,35.1,19.7
24,24.69594,46.76439,24.1,435.7,32.5,34.6,19.0
24,24.69683,46.76490,27.6,432.4,34.3,34.7,20.2
24,24.69772,46.76541,22.6,438.5,30.8,34.9,19.6
24,24.69861,46.76592,25.2,436.2,33.1,34.8,20.2
24,24.69950,46.76643,24.8,431.8,32.3,35.0,20.7
24,24.70038,46.76694,25.2,436.3,33.6,34.9,20.4
24,24.70127,46.76745,25.9,437.9,33.9,34.7,20.9
24,24.70216,46.76796,26.5,444.1,32.7,35.3,19.6
24,24.70305,46.76847,25.4,431.3,32.4,34.9,19.1
24,24.70394,46.76897,66.7,530.3,34.0,35.1,19.5
24,24.70482,46.76948,62.9,532.8,31.2,34.8,20.8
24,24.70571,46.76999,63.9,538.9,32.5,35.5,20.1
24,24.70660,46.77050,65.8,538.3,32.8,35.3,20.2
24,24.70749,46.77101,65.4,533.7,33.3,34.6,20.8
24,24.70837,46.77152,66.7,537.4,33.1,34.7,20.7
24,24.70926,46.77203,66.8,532.9,32.6,34.8,19.5
24,24.71015,46.77254,65.2,540.3,32.2,35.1,19.2
24,24.71104,46.77304,64.9,531.4,32.7,34.6,20.5
24,24.71193,46.77355,24.4,434.0,31.3,34.7,20.1
24,24.71281,46.77406,22.7,439.4,31.5,34.5,20.9
24,24.71370,46.77457,25.4,442.1,31.9,35.3,20.0
24,24.71459,46.77508,26.5,437.9,33.1,34.9,20.9
24,24.71548,46.77559,25.1,439.2,33.1,35.3,20.4
24,24.71637,46.77610,27.2,439.6,33.4,35.1,20.8
24,24.71725,46.77661,24.1,439.6,31.1,35.2,19.1
24,24.71814,46.77712,23.0,442.8,31.4,35.0,19.7
24,24.71903,46.77762,25.5,438.4,32.0,35.1,19.2
24,24.71992,46.77813,22.8,438.7,30.5,34.8,19.6
24,24.72080,46.77864,25.2,443.9,33.3,35.4,19.5
24,24.72169,46.77915,24.0,433.1,31.5,34.8,19.3
24,24.72258,46.77966,26.3,438.1,33.8,35.3,20.3
24,24.72347,46.78017,25.8,435.9,32.7,35.1,20.0
24,24.72436,46.78068,25.5,431.2,33.2,35.4,19.5
24,24.72524,46.78119,25.9,436.0,33.3,35.1,20.4
24,24.72613,46.78169,25.9,431.4,33.3,35.2,19.2
24,24.72702,46.78220,26.8,440.8,33.1,35.2,19.4
24,24.72791,46.78271,27.0,430.5,33.4,35.0,20.9
24,24.72880,46.78322,24.9,436.6,31.6,35.0,20.2
